{"validation_set": {"ndcg_at_1": 0.774, "ndcg_at_3": 0.83243, "ndcg_at_5": 0.84895, "ndcg_at_10": 0.85814, "ndcg_at_20": 0.8643, "ndcg_at_100": 0.86854, "ndcg_at_1000": 0.87018, "map_at_1": 0.774, "map_at_3": 0.81867, "map_at_5": 0.82787, "map_at_10": 0.83174, "map_at_20": 0.83348, "map_at_100": 0.83399, "map_at_1000": 0.83407, "recall_at_1": 0.774, "recall_at_3": 0.872, "recall_at_5": 0.912, "recall_at_10": 0.94, "recall_at_20": 0.964, "recall_at_100": 0.988, "recall_at_1000": 1.0, "precision_at_1": 0.774, "precision_at_3": 0.29067, "precision_at_5": 0.1824, "precision_at_10": 0.094, "precision_at_20": 0.0482, "precision_at_100": 0.00988, "precision_at_1000": 0.001, "mrr_at_1": 0.778, "mrr_at_3": 0.821, "mrr_at_5": 0.8286999999999999, "mrr_at_10": 0.8335484126984126, "mrr_at_20": 0.8347260450333979, "mrr_at_100": 0.8354386595905559, "mrr_at_1000": 0.8355249939420808, "naucs_at_1_max": -0.0145170587484219, "naucs_at_1_std": 0.006309262814839989, "naucs_at_1_diff1": 0.8950447836378629, "naucs_at_3_max": 0.021200161668434796, "naucs_at_3_std": 0.20331461011654423, "naucs_at_3_diff1": 0.8777295662755695, "naucs_at_5_max": 0.08481716987168389, "naucs_at_5_std": 0.35063874034462167, "naucs_at_5_diff1": 0.8777528653012975, "naucs_at_10_max": 0.09851459770146549, "naucs_at_10_std": 0.5862433862433853, "naucs_at_10_diff1": 0.9003930543110488, "naucs_at_20_max": -0.04060065920783268, "naucs_at_20_std": 0.6889718850503177, "naucs_at_20_diff1": 0.9353989134331586, "naucs_at_100_max": 0.4440696998264123, "naucs_at_100_std": 0.8537970743853125, "naucs_at_100_diff1": 0.9341234384048992, "naucs_at_1000_max": 1.0, "naucs_at_1000_std": 1.0, "naucs_at_1000_diff1": -0.0}, "syntheticDocQA_energy": {"ndcg_at_1": 0.85, "ndcg_at_3": 0.89786, "ndcg_at_5": 0.9099, "ndcg_at_10": 0.91346, "ndcg_at_20": 0.91346, "ndcg_at_100": 0.91879, "ndcg_at_1000": 0.91879, "map_at_1": 0.85, "map_at_3": 0.88667, "map_at_5": 0.89317, "map_at_10": 0.89483, "map_at_20": 0.89483, "map_at_100": 0.89545, "map_at_1000": 0.89545, "recall_at_1": 0.85, "recall_at_3": 0.93, "recall_at_5": 0.96, "recall_at_10": 0.97, "recall_at_20": 0.97, "recall_at_100": 1.0, "recall_at_1000": 1.0, "precision_at_1": 0.85, "precision_at_3": 0.31, "precision_at_5": 0.192, "precision_at_10": 0.097, "precision_at_20": 0.0485, "precision_at_100": 0.01, "precision_at_1000": 0.001, "mrr_at_1": 0.86, "mrr_at_3": 0.895, "mrr_at_5": 0.9009999999999999, "mrr_at_10": 0.9009999999999999, "mrr_at_20": 0.9009999999999999, "mrr_at_100": 0.9016280663780663, "mrr_at_1000": 0.9016280663780663, "naucs_at_1_max": 0.2105750182116147, "naucs_at_1_std": -0.1620891636836963, "naucs_at_1_diff1": 0.9412806884333085, "naucs_at_3_max": -0.038548439319115155, "naucs_at_3_std": -0.30092036814725776, "naucs_at_3_diff1": 0.9024795103226442, "naucs_at_5_max": 0.46231071243125327, "naucs_at_5_std": -0.20074696545284348, "naucs_at_5_diff1": 0.93100944081336, "naucs_at_10_max": 0.5739365102913813, "naucs_at_10_std": -0.45238095238095277, "naucs_at_10_diff1": 1.0, "naucs_at_20_max": 0.5739365102913813, "naucs_at_20_std": -0.45238095238095277, "naucs_at_20_diff1": 1.0, "naucs_at_100_max": NaN, "naucs_at_100_std": NaN, "naucs_at_100_diff1": NaN, "naucs_at_1000_max": NaN, "naucs_at_1000_std": NaN, "naucs_at_1000_diff1": NaN}, "syntheticDocQA_healthcare_industry": {"ndcg_at_1": 0.88, "ndcg_at_3": 0.93547, "ndcg_at_5": 0.94365, "ndcg_at_10": 0.94365, "ndcg_at_20": 0.94365, "ndcg_at_100": 0.94515, "ndcg_at_1000": 0.94515, "map_at_1": 0.88, "map_at_3": 0.92333, "map_at_5": 0.92783, "map_at_10": 0.92783, "map_at_20": 0.92783, "map_at_100": 0.92793, "map_at_1000": 0.92793, "recall_at_1": 0.88, "recall_at_3": 0.97, "recall_at_5": 0.99, "recall_at_10": 0.99, "recall_at_20": 0.99, "recall_at_100": 1.0, "recall_at_1000": 1.0, "precision_at_1": 0.88, "precision_at_3": 0.32333, "precision_at_5": 0.198, "precision_at_10": 0.099, "precision_at_20": 0.0495, "precision_at_100": 0.01, "precision_at_1000": 0.001, "mrr_at_1": 0.89, "mrr_at_3": 0.9283333333333332, "mrr_at_5": 0.9328333333333333, "mrr_at_10": 0.9328333333333333, "mrr_at_20": 0.9328333333333333, "mrr_at_100": 0.9329364261168385, "mrr_at_1000": 0.9329364261168385, "naucs_at_1_max": 0.3449858099592377, "naucs_at_1_std": -0.2542554883868911, "naucs_at_1_diff1": 0.8584721869131066, "naucs_at_3_max": 0.19373303220940802, "naucs_at_3_std": -1.0210084033613431, "naucs_at_3_diff1": 0.8314665575583057, "naucs_at_5_max": 0.3612909644732028, "naucs_at_5_std": -1.7399626517273863, "naucs_at_5_diff1": 0.8787143723468824, "naucs_at_10_max": 0.3612909644732028, "naucs_at_10_std": -1.7399626517273863, "naucs_at_10_diff1": 0.8787143723468824, "naucs_at_20_max": 0.3612909644732028, "naucs_at_20_std": -1.7399626517273863, "naucs_at_20_diff1": 0.8787143723468824, "naucs_at_100_max": NaN, "naucs_at_100_std": NaN, "naucs_at_100_diff1": NaN, "naucs_at_1000_max": NaN, "naucs_at_1000_std": NaN, "naucs_at_1000_diff1": NaN}, "syntheticDocQA_artificial_intelligence_test": {"ndcg_at_1": 0.93, "ndcg_at_3": 0.96155, "ndcg_at_5": 0.96155, "ndcg_at_10": 0.96488, "ndcg_at_20": 0.96488, "ndcg_at_100": 0.96663, "ndcg_at_1000": 0.96663, "map_at_1": 0.93, "map_at_3": 0.955, "map_at_5": 0.955, "map_at_10": 0.95643, "map_at_20": 0.95643, "map_at_100": 0.95662, "map_at_1000": 0.95662, "recall_at_1": 0.93, "recall_at_3": 0.98, "recall_at_5": 0.98, "recall_at_10": 0.99, "recall_at_20": 0.99, "recall_at_100": 1.0, "recall_at_1000": 1.0, "precision_at_1": 0.93, "precision_at_3": 0.32667, "precision_at_5": 0.196, "precision_at_10": 0.099, "precision_at_20": 0.0495, "precision_at_100": 0.01, "precision_at_1000": 0.001, "mrr_at_1": 0.93, "mrr_at_3": 0.955, "mrr_at_5": 0.955, "mrr_at_10": 0.9564285714285714, "mrr_at_20": 0.9564285714285714, "mrr_at_100": 0.9566285714285715, "mrr_at_1000": 0.9566285714285715, "naucs_at_1_max": -0.0004962491760935482, "naucs_at_1_std": -0.31752701080432255, "naucs_at_1_diff1": 0.8859352860974721, "naucs_at_3_max": -1.393329269612857, "naucs_at_3_std": -1.7399626517273692, "naucs_at_3_diff1": 0.9999999999999902, "naucs_at_5_max": -1.3933292696128265, "naucs_at_5_std": -1.7399626517273497, "naucs_at_5_diff1": 1.0, "naucs_at_10_max": -1.1259495904684838, "naucs_at_10_std": -1.7399626517273863, "naucs_at_10_diff1": 1.0, "naucs_at_20_max": -1.1259495904684838, "naucs_at_20_std": -1.7399626517273863, "naucs_at_20_diff1": 1.0, "naucs_at_100_max": NaN, "naucs_at_100_std": NaN, "naucs_at_100_diff1": NaN, "naucs_at_1000_max": NaN, "naucs_at_1000_std": NaN, "naucs_at_1000_diff1": NaN}, "syntheticDocQA_government_reports": {"ndcg_at_1": 0.85, "ndcg_at_3": 0.91417, "ndcg_at_5": 0.92709, "ndcg_at_10": 0.92998, "ndcg_at_20": 0.92998, "ndcg_at_100": 0.92998, "ndcg_at_1000": 0.92998, "map_at_1": 0.85, "map_at_3": 0.89833, "map_at_5": 0.90583, "map_at_10": 0.90683, "map_at_20": 0.90683, "map_at_100": 0.90683, "map_at_1000": 0.90683, "recall_at_1": 0.85, "recall_at_3": 0.96, "recall_at_5": 0.99, "recall_at_10": 1.0, "recall_at_20": 1.0, "recall_at_100": 1.0, "recall_at_1000": 1.0, "precision_at_1": 0.85, "precision_at_3": 0.32, "precision_at_5": 0.198, "precision_at_10": 0.1, "precision_at_20": 0.05, "precision_at_100": 0.01, "precision_at_1000": 0.001, "mrr_at_1": 0.86, "mrr_at_3": 0.9083333333333331, "mrr_at_5": 0.9133333333333331, "mrr_at_10": 0.9144444444444443, "mrr_at_20": 0.9144444444444443, "mrr_at_100": 0.9144444444444443, "mrr_at_1000": 0.9144444444444443, "naucs_at_1_max": 0.0728385886905621, "naucs_at_1_std": -0.27940123657663585, "naucs_at_1_diff1": 0.838404544865166, "naucs_at_3_max": 0.43264898785631317, "naucs_at_3_std": 0.3535247432306253, "naucs_at_3_diff1": 0.7950946429181002, "naucs_at_5_max": 1.0, "naucs_at_5_std": 0.8692810457516413, "naucs_at_5_diff1": 0.5715286132037668, "naucs_at_10_max": 1.0, "naucs_at_10_std": 1.0, "naucs_at_10_diff1": 1.0, "naucs_at_20_max": 1.0, "naucs_at_20_std": 1.0, "naucs_at_20_diff1": 1.0, "naucs_at_100_max": NaN, "naucs_at_100_std": NaN, "naucs_at_100_diff1": NaN, "naucs_at_1000_max": NaN,